Group,Asset,Metric,Event_Mean%,None_Mean%,Diff%p,t_stat,p_val,Significance,N_Event,N_None
1. Baseline (Trade),S&P 500 Return,SP500_Return,0.007184343371519343,0.08767696614073393,-0.0804926227692146,-0.839998432529631,0.4012996249595733,Not Sig,331,676
1. Baseline (Trade),VIX Daily Change,VIX_Return,1.4827905969017303,-0.0918946203202682,1.5746852172219985,2.574577093133254,0.01024800763927477,** (p<0.05),331,676
1. Baseline (Trade),Dollar Index Return,DXY_Return,-0.034681072187193775,0.0015036810009502965,-0.03618475318814407,-1.4625230760881405,0.14406794365768177,Not Sig,331,676
2. US Sector - Protected,Nucor Steel (NUE),NUE_Return,-0.023404530301989572,0.03388977515253996,-0.05729430545452953,-0.37960808062071705,0.7043790519457863,Not Sig,331,676
2. US Sector - Protected,Steel ETF (SLX),SLX_Return,-0.01859132204064978,0.06606494619646189,-0.08465626823711167,-0.5500617813208218,0.582497249889502,Not Sig,331,676
2. US Sector - Hurt,Industrials ETF (XLI),XLI_Return,-0.030129259735715425,0.08293775893532375,-0.11306701867103917,-0.9854702827366237,0.32488618161262406,Not Sig,331,676
2. US Sector - Hurt,Semiconductors (SOXX),SOXX_Return,0.06020920700717095,0.17917554577275757,-0.11896633876558663,-0.8363397741913099,0.403333553932151,Not Sig,331,676
2. Target US Firms,Apple (AAPL),AAPL_Return,0.10235397292994716,0.1995607681686632,-0.09720679523871603,-0.6608312839825858,0.5090089288842873,Not Sig,331,676
2. Target US Firms,Boeing (BA),BA_Return,-0.07256449128604611,0.15074952355904808,-0.2233140148450942,-0.9217394505018873,0.357139378021767,Not Sig,331,676
2. Target US Firms,Caterpillar (CAT),CAT_Return,0.008272876114270092,0.13444742251119257,-0.1261745463969225,-0.8646264120141933,0.38761006030425643,Not Sig,331,676
3. Fed & Monetary,10Y Treasury Yield Chg,TNX_Return,-0.18902109881377663,0.019098825205857935,-0.20811992401963456,-0.3064002732740941,0.7598466654707527,Not Sig,111,896
3. Fed & Monetary,1-3Y Short Treasury (SHY),SHY_Return,0.0035242824416494606,0.002154344372992132,0.0013699380686573288,0.14573476611109906,0.884367051024498,Not Sig,111,896
3. Fed & Monetary,Financials ETF (XLF),XLF_Return,0.017959417246128737,0.04664244317653302,-0.028683025930404286,-0.11156363582090027,0.911356983240728,Not Sig,111,896
3. Fed & Monetary,S&P 500 (Fed Tweet),SP500_Return,0.017116367797694793,0.0666827343097823,-0.04956636651208751,-0.25421080931039675,0.7997696926122051,Not Sig,111,896
4. China & Safe Haven,China Large-Cap (FXI),FXI_Return,0.05711441638455347,0.041612833746110356,0.01550158263844311,0.1431147798259968,0.8862547206520036,Not Sig,331,676
4. China & Safe Haven,USD/CNY (Yuan Deprec.),CNY_Return,0.01262958668259984,-0.007821049231375634,0.020450635913975473,1.1010839248980662,0.2712500127115936,Not Sig,331,676
4. China & Safe Haven,Gold ETF (GLD),GLD_Return,0.09365457872929966,0.02226578865424349,0.07138879007505618,1.1643517833313408,0.24479056765477372,Not Sig,331,676
